,State,City,Location,Store Type,Address,Endpoint
0,Alabama,Birmingham,SUMMIT (THE) - AL,,"220 Summit Blvd Suite 160,Birmingham, AL 35243",https://bananarepublic.gap.com/stores/al/birmingham/
1,Alabama,Foley,FOLEY (RIVIERA),Factory Store,"2601 S Mckenzie Street Spaces S-6, S-7, S-8,Foley, AL 36535",https://bananarepublic.gap.com/stores/al/foley/
2,Alabama,Leeds,SHOPS OF GRAND RIVER,Factory Store,"6200 Grand River Blvd Ste 238,Leeds, AL 35094-6703",https://bananarepublic.gap.com/stores/al/leeds/
3,Arizona,Anthem,Outlt North Phoenix,"Factory Store,Petites,Women's Only,Men's Only","4250 W Anthem Way Ste 135,Anthem, AZ 85086",https://bananarepublic.gap.com/stores/az/anthem/
4,Arizona,Chandler,PHOENIX PREMIUM,Factory Store,"4976 Premium Outlets Way Ste 518,Chandler, AZ 85226-5510",https://bananarepublic.gap.com/stores/az/chandler/
5,Arizona,Gilbert,San Tan Village,Shoes,"2212 East Williams Field Rd Space 105,Gilbert, AZ 85295",https://bananarepublic.gap.com/stores/az/gilbert/
6,Arizona,Glendale,WESTGATE TANGER OUT,Factory Store,"6800 N 95 Ave Ste 290,Glendale, AZ 85305",https://bananarepublic.gap.com/stores/az/glendale/
7,Arizona,Phoenix,SHOPS @ TOWN COUNTRY,"Women's Only,Men's Only","2103 East Camelback Road Suite A-18-a,Phoenix, AZ 85016",https://bananarepublic.gap.com/stores/az/phoenix/
8,Arizona,Scottsdale,KIERLAND COMMONS,"Baby,Women's Only,Men's Only","15215 N Kierland Blvd 110,Scottsdale, AZ 85254-2154",https://bananarepublic.gap.com/stores/az/scottsdale/
9,Arizona,Tucson,TUCSON PREMIUM OUTLT,Factory Store,"6401 W Marana Center Blvd Ste 927,Tucson, AZ 85742-8564",https://bananarepublic.gap.com/stores/az/tucson/
10,Arizona,Tucson,Park Mall,"Shoes,Women's Only,Men's Only","5870 East Broadway Blvd Space 224,Tucson, AZ 85711",https://bananarepublic.gap.com/stores/az/tucson/
11,Arkansas,Little Rock,OUTLS of Little Rock,Factory Store,"11201 Bass Pro Parkway #g #e-w115,Little Rock, AR 72210",https://bananarepublic.gap.com/stores/ar/littlerock/
12,Arkansas,Rogers,PINNACLE HILLS PROM,,"2203 S. Promenade Blvd Suite #2190,Rogers, AR 72758",https://bananarepublic.gap.com/stores/ar/rogers/
13,California,Brea,BREA MALL,"Women's Only,Men's Only","2018 Brea Mall Space 2016,Brea, CA 92821",https://bananarepublic.gap.com/stores/ca/brea/
14,California,Burlingame,BURLINGAME AVE - CA,"BR Home,Baby","1218 Burlingame Ave ,Burlingame, CA 94010-4128",https://bananarepublic.gap.com/stores/ca/burlingame/
15,California,Cabazon,DESERT HILLS PREMIUM,"Factory Store,Petites,Women's Only,Men's Only","48650 Seminole Drive Ste 116,Cabazon, CA 92230-2117",https://bananarepublic.gap.com/stores/ca/cabazon/
16,California,Camarillo,CAMARILLO PREMIUM,"Factory Store,Petites,Women's Only,Men's Only","800 Ventura Boulevard Ste 600,Camarillo, CA 93010-6007",https://bananarepublic.gap.com/stores/ca/camarillo/
17,California,Canoga Park,Topanga Plaza,,"6600 Topanga Cnyn Blvd Space 19-20,Canoga Park, CA 91303-2609",https://bananarepublic.gap.com/stores/ca/canogapark/
18,California,Carlsbad,CARLSBAD PREMIUM,"Factory Store,Petites","5610 Paseo Del Norte Ste 103,Carlsbad, CA 92008-4442",https://bananarepublic.gap.com/stores/ca/carlsbad/
19,California,Cerritos,Los Cerritos Cntr,Shoes,"221 Los Cerritos Mall Ste 221,Cerritos, CA 90703",https://bananarepublic.gap.com/stores/ca/cerritos/
20,California,Chino Hills,Shops At Chino Hills,Shoes,"13855 City Center Drive ,Chino Hills, CA 91709",https://bananarepublic.gap.com/stores/ca/chinohills/
21,California,Commerce,CITADEL OUTLETS,"Factory Store,Petites,Women's Only,Men's Only","100 Citadel Drive Ste 410,Commerce, CA 90040-1594",https://bananarepublic.gap.com/stores/ca/commerce/
22,California,Concord,VERANDA (THE),Factory Store,"2025 Diamond Blvd Ste F-115,Concord, CA 94520-5797",https://bananarepublic.gap.com/stores/ca/concord/
23,California,Corte Madera,VILLAGE CORTE MADERA,"BR Home,Baby,Shoes,Women's Only,Men's Only","1516 Redwood Highway #c033,Corte Madera, CA 94925",https://bananarepublic.gap.com/stores/ca/cortemadera/
24,California,Emeryville,POWELL STREET PLAZA,Factory Store,"5791 Christie Ave ,Emeryville, CA 94608",https://bananarepublic.gap.com/stores/ca/emeryville/
25,California,Folsom,FOLSOM PREMIUM,Factory Store,"13000 Folsom Blvd ,Folsom, CA 95630",https://bananarepublic.gap.com/stores/ca/folsom/
26,California,Fresno,Fig Garden Village,,"742 West Shaw Avenue ,Fresno, CA 93704",https://bananarepublic.gap.com/stores/ca/fresno/
27,California,Gilroy,GILROY PREMIUM,"Factory Store,Petites","681 Leavesley Rd Ste C190,Gilroy, CA 95020-3658",https://bananarepublic.gap.com/stores/ca/gilroy/
28,California,Glendale,Glendale Galleria-CA,"Baby,Shoes","1118 Glendale Galleria Ste 1069,Glendale, CA 91210-1301",https://bananarepublic.gap.com/stores/ca/glendale/
29,California,Livermore,SF PREMIUM OUTLETS,Factory Store,"2990 Livermore Outlets Drive Ste 2990,Livermore, CA 94551",https://bananarepublic.gap.com/stores/ca/livermore/
30,California,Los Angeles,Century City,"Baby,Shoes","10250 Santa Monica Blvd Spaces H57, H67,Los Angeles, CA 90067-6501",https://bananarepublic.gap.com/stores/ca/losangeles/
31,California,Los Angeles,BEVERLY CENTER,Shoes,"8500 Beverly Blvd Ste 765,Los Angeles, CA 90048-6201",https://bananarepublic.gap.com/stores/ca/losangeles/
32,California,Los Angeles,Grove At Farmers Mkt,"BR Home,Baby","189 The Grove Drive Space J10,Los Angeles, CA 90036",https://bananarepublic.gap.com/stores/ca/losangeles/
33,California,Manteca,PROMSHOP ORCHARD VLY,"Factory Store,Petites","910 Lifestyle Street ,Manteca, CA 95337",https://bananarepublic.gap.com/stores/ca/manteca/
34,California,Milpitas,GREAT MALL/BAY AREA,"Factory Store,Petites,Women's Only,Men's Only","492 Great Mall Drive ,Milpitas, CA 95035-8028",https://bananarepublic.gap.com/stores/ca/milpitas/
35,California,Monterey,Del Monte S/C,BR Home,"1410 Del Monte Center Store 1270,Monterey, CA 93940",https://bananarepublic.gap.com/stores/ca/monterey/
36,California,Napa,NAPA PREMIUM OUTLETS,"Factory Store,Petites","809 Factory Stores Drive ,Napa, CA 94558-5660",https://bananarepublic.gap.com/stores/ca/napa/
37,California,Newport Coast,Crystal Cove,"BR Home,Shoes","7912 East Coast Hwy ,Newport Coast, CA 92657-2119",https://bananarepublic.gap.com/stores/ca/newportcoast/
38,California,Northridge,NORTHRIDGE CENTER-CA,Shoes,"9301 Tampa Avenue Spaces 119, 120,Northridge, CA 91324",https://bananarepublic.gap.com/stores/ca/northridge/
39,California,Novato,VINTAGE OAKS,Factory Store,"208 Vintage Way ,Novato, CA 94945",https://bananarepublic.gap.com/stores/ca/novato/
40,California,Ontario,Ontario Mills,"Factory Store,Petites,Women's Only,Men's Only","1 Mills Circle Space Xm,Ontario, CA 91764-5213",https://bananarepublic.gap.com/stores/ca/ontario/
41,California,Orange,BLOCK AT ORANGE,Factory Store,"20 City Boulevard W Ste 601,Orange, CA 92868-3110",https://bananarepublic.gap.com/stores/ca/orange/
42,California,Palo Alto,Stanford,"BR Home,Baby,Women's Only,Men's Only","172 Stanford Shopping Ctr 172,Palo Alto, CA 94304-1409",https://bananarepublic.gap.com/stores/ca/paloalto/
43,California,Pasadena,Tanner Market,"Baby,Shoes","150 W Colorado Blvd Spaces 144, 148-154,Pasadena, CA 91105-1925",https://bananarepublic.gap.com/stores/ca/pasadena/
44,California,Petaluma,PETALUMA VILLAGE,"Factory Store,Petites","2200 Petaluma Blvd N ,Petaluma, CA 94952",https://bananarepublic.gap.com/stores/ca/petaluma/
45,California,Redlands,MOUNTAIN GROVE,Factory Store,"27461 San Bernardino Ave. Suite 140,Redlands, CA 92374",https://bananarepublic.gap.com/stores/ca/redlands/
46,California,Roseville,Roseville Galleria,"Baby,Shoes","1151 Galleria Blvd Ste 143,Roseville, CA 95678",https://bananarepublic.gap.com/stores/ca/roseville/
47,California,Sacramento,Arden Fair,,"1689 Arden Way Ste 1130,Sacramento, CA 95815-4043",https://bananarepublic.gap.com/stores/ca/sacramento/
48,California,San Diego,FASHION VALLEY,"BR Home,Petites,Baby","7007 Friars Rd Ste 860,San Diego, CA 92108-1148",https://bananarepublic.gap.com/stores/ca/sandiego/
49,California,San Diego,CARMEL MOUNTAIN PLZ,"Factory Store,Women's Only,Men's Only","11910 Carmel Mountain Road Ste 214,San Diego, CA 92128-4619",https://bananarepublic.gap.com/stores/ca/sandiego/
50,California,San Francisco,BR at 2 Folsom,,"2 Folsom Street ,San Francisco, CA 94105",https://bananarepublic.gap.com/stores/ca/sanfrancisco/
51,California,San Leandro,MARINA SQUARE,Factory Store,"1295 Marina Blvd ,San Leandro, CA 94577",https://bananarepublic.gap.com/stores/ca/sanleandro/
52,California,San Luis Obispo,COURT STREET,,"990 Higuera St ,San Luis Obispo, CA 93401-3602",https://bananarepublic.gap.com/stores/ca/sanluisobispo/
53,California,San Mateo,Hillsdale,Shoes,"60 31st Ave 125,San Mateo, CA 94403-3404",https://bananarepublic.gap.com/stores/ca/sanmateo/
54,California,Santa Barbara,BALBOA BUILDING,,"735 State St ,Santa Barbara, CA 93101-3351",https://bananarepublic.gap.com/stores/ca/santabarbara/
55,California,Santa Clara,Valley Fair - CA,"BR Home,Baby","2855 Stevens Creek Blvd Suite 1141,Santa Clara, CA 95050",https://bananarepublic.gap.com/stores/ca/santaclara/
56,California,San Ysidro,LAS AMERICAS,"Factory Store,Petites,Women's Only,Men's Only","4345 Camino De La Plaza Bldg-m Space 302,San Ysidro, CA 92173-3058",https://bananarepublic.gap.com/stores/ca/sanysidro/
57,California,Sherman Oaks,Sherman Oaks Fash Sq,,"14006 Riverside Dr Ste 208,Sherman Oaks, CA 91423",https://bananarepublic.gap.com/stores/ca/shermanoaks/
58,California,Tejon Ranch,Outlet @ Tejon Ranch,Factory Store,"5701 Outlets At Tejon Parkway Suite 890,Tejon Ranch, CA 93203",https://bananarepublic.gap.com/stores/ca/tejonranch/
59,California,Torrance,Del Amo,,"3525 W Carson St Ste 452,Torrance, CA 90503",https://bananarepublic.gap.com/stores/ca/torrance/
60,California,Tulare,TULARE OUTLET CENTER,"Factory Store,Women's Only,Men's Only","1743 Retherford Street ,Tulare, CA 93274-0806",https://bananarepublic.gap.com/stores/ca/tulare/
61,California,Vacaville,VACAVILLE PREMIUM,Factory Store,"131 Nut Tree Rd Ste E,Vacaville, CA 95687-3249",https://bananarepublic.gap.com/stores/ca/vacaville/
62,California,Walnut Creek,Broadway Plaza,"BR Home,Baby","1281 Broadway Plaza ,Walnut Creek, CA 94596",https://bananarepublic.gap.com/stores/ca/walnutcreek/
63,California,West Hollywood,Melrose,,"8585 Melrose Ave ,West Hollywood, CA 90069",https://bananarepublic.gap.com/stores/ca/westhollywood/
64,California,West Hollywood,Melrose - HOME,BR Home,"8552 Melrose Ave ,West Hollywood, CA 90069",https://bananarepublic.gap.com/stores/ca/westhollywood/
65,Colorado,Broomfield,Flatiron Crossing,Shoes,"1 West Flatiron Circle Suite 1052,Broomfield, CO 80021",https://bananarepublic.gap.com/stores/co/broomfield/
66,Colorado,Castle Rock,OUTLETS CASTLE ROCK,"Factory Store,Petites","5050 Factory Shop Blvd ,Castle Rock, CO 80108-1963",https://bananarepublic.gap.com/stores/co/castlerock/
67,Colorado,Colorado Springs,BRIARGATE (3156),,"1845 Briargate Pkwy 415,Colorado Springs, CO 80920-7694",https://bananarepublic.gap.com/stores/co/coloradosprings/
68,Colorado,Denver,CHERRY CREEK SC,BR Home,"3000 E 1st Ave Ste 2215,Denver, CO 80206-5640",https://bananarepublic.gap.com/stores/co/denver/
69,Colorado,Lakewood,COLORADO MILLS,Factory Store,"14500 W. Colfax Avenue Space 219,Lakewood, CO 80401",https://bananarepublic.gap.com/stores/co/lakewood/
70,Colorado,Littleton,ASPEN GROVE,Shoes,"7301 S Santa Fe Drive Unit 430,Littleton, CO 80120",https://bananarepublic.gap.com/stores/co/littleton/
71,Colorado,Silverthorne,SILVERTHORNE,"Factory Store,Women's Only,Men's Only","227 #g Blue River Parkway Po Box 2089,Silverthorne, CO 80498-9260",https://bananarepublic.gap.com/stores/co/silverthorne/
72,Colorado,Thornton,DENVER PREMIUM,Factory Store,"13801 Grant Street Suite 280,Thornton, CO 80023",https://bananarepublic.gap.com/stores/co/thornton/
73,Connecticut,Clinton,CLINTON CROSSING,"Factory Store,Petites,Women's Only,Men's Only","20a Killingworth Turnpike Ste 525,Clinton, CT 06413",https://bananarepublic.gap.com/stores/ct/clinton/
74,Connecticut,Danbury,Danbury Fair,Shoes,"7 Backus Ave Suite G-110,Danbury, CT 06810",https://bananarepublic.gap.com/stores/ct/danbury/
75,Connecticut,Farmington,Westfarms,,"554 Westfarms Mall Space B219,Farmington, CT 06032-2635",https://bananarepublic.gap.com/stores/ct/farmington/
76,Connecticut,Mashantucket,FOXWOODS DESIGNER,Factory Store,"455 Trolley Line Blvd. Suite 220,Mashantucket, CT 06338",https://bananarepublic.gap.com/stores/ct/mashantucket/
77,Connecticut,Milford,MILFORD MARKETPLACE,,"1650 Boston Post Road ,Milford, CT 06460-2776",https://bananarepublic.gap.com/stores/ct/milford/
78,Connecticut,South Windsor,EVERGREEN WALK,,"300 Evergreen Way Ste 300,South Windsor, CT 06074-3734",https://bananarepublic.gap.com/stores/ct/southwindsor/
79,Delaware,Newark,Christiana,,"124 Christiana Mall Ste 327,Newark, DE 19702",https://bananarepublic.gap.com/stores/de/newark/
80,Delaware,Rehoboth Beach,REHOBOTH TANGER,"Factory Store,Petites","36445 Seaside Outlet Drive Ste 1800,Rehoboth Beach, DE 19971-1223",https://bananarepublic.gap.com/stores/de/rehobothbeach/
81,Florida,Aventura,Aventura,"BR Home,Baby,Shoes","19501 Biscayne Blvd ,Aventura, FL 33180",https://bananarepublic.gap.com/stores/fl/aventura/
82,Florida,Coral Gables,Shops @ Merrick Park,Baby,"350 San Lorenzo Ave ,Coral Gables, FL 33146-1851",https://bananarepublic.gap.com/stores/fl/coralgables/
83,Florida,Daytona Beach,DAYTONA BEACH TANGER,Factory Store,"Banana Republic Outlet 1473 Cornerstone Blvd, Suite 750,Daytona Beach, FL 32117",https://bananarepublic.gap.com/stores/fl/daytonabeach/
84,Florida,Destin,SILVER SANDS,"Factory Store,Petites,Women's Only,Men's Only","10406 Emerald Coast Pkwy W Spaces 70, 71, & 72,Destin, FL 32550",https://bananarepublic.gap.com/stores/fl/destin/
85,Florida,Ellenton,ELLENTON PREMIUM,"Factory Store,Women's Only,Men's Only","5657 Factory Shops Blvd Ste 460,Ellenton, FL 34222",https://bananarepublic.gap.com/stores/fl/ellenton/
86,Florida,Estero,MIROMAR OUTLETS,Factory Store,"10801 Corkscrew Rd 400,Estero, FL 33928-9430",https://bananarepublic.gap.com/stores/fl/estero/
87,Florida,Ft Lauderdale,GALL @ FT LAUDERDALE,Shoes,"2584 East Sunrise Blvd Space J18,Ft Lauderdale, FL 33304",https://bananarepublic.gap.com/stores/fl/ftlauderdale/
88,Florida,Jacksonville,ST JOHN'S T/C,Petites,"4711 River City Drive Suite 131,Jacksonville, FL 32246",https://bananarepublic.gap.com/stores/fl/jacksonville/
89,Florida,Key West,DUVAL STREET,Factory Store,"501 Duval St ,Key West, FL 33040-6552",https://bananarepublic.gap.com/stores/fl/keywest/
90,Florida,Lutz,TAMPA PREMIUM,Factory Store,"2364 Grand Cypress Drive Suite 255,Lutz, FL 33559",https://bananarepublic.gap.com/stores/fl/lutz/
91,Florida,Miami,DOLPHIN MALL,"Factory Store,Petites","11401 Nw 12th St. ,Miami, FL 33172",https://bananarepublic.gap.com/stores/fl/miami/
92,Florida,Miami,Dadeland,"Baby,Shoes,Women's Only,Men's Only","7535 N Kendall Drive Ste 1670a,Miami, FL 33156",https://bananarepublic.gap.com/stores/fl/miami/
93,Florida,Orlando,MALL@ MILLENIA,"Baby,Shoes","4200 Conroy Road F147,Orlando, FL 32839",https://bananarepublic.gap.com/stores/fl/orlando/
94,Florida,Orlando,ORLANDO (VIN)PREMIUM,"Factory Store,Petites","8200 Vineland Ave Ste 400,Orlando, FL 32821-6814",https://bananarepublic.gap.com/stores/fl/orlando/
95,Florida,Orlando,WATERFORD LAKES,Factory Store,"407 N. Alfaya Trail ,Orlando, FL 32828",https://bananarepublic.gap.com/stores/fl/orlando/
96,Florida,Orlando,ORLANDO INTL PREMIUM,"Factory Store,Petites","4957 International Drive Ste Id.15,Orlando, FL 32819",https://bananarepublic.gap.com/stores/fl/orlando/
97,Florida,Orlando,Florida,Shoes,"8001 S Orange Blossom Trail Ste 441,Orlando, FL 32809",https://bananarepublic.gap.com/stores/fl/orlando/
98,Florida,Palm Beach Gardens,Gardens (The),"Baby,Shoes","3101 Pga Blvd Space Q217,Palm Beach Gardens, FL 33410-2820",https://bananarepublic.gap.com/stores/fl/palmbeachgardens/
99,Florida,Pembroke Pines,Shops @ Pembroke Gar,Shoes,"14561 Sw 5th Street ,Pembroke Pines, FL 33027",https://bananarepublic.gap.com/stores/fl/pembrokepines/
100,Florida,Sarasota,MALL @ UNIVERSITY TC,,"140 University Town Center Drive Unit 283,Sarasota, FL 34243-4172",https://bananarepublic.gap.com/stores/fl/sarasota/
101,Florida,St Augustine,ST AUGUSTINE PREMIUM,"Factory Store,Petites,Women's Only,Men's Only","2700 State Road 16 Ste 507,St Augustine, FL 32092-0761",https://bananarepublic.gap.com/stores/fl/staugustine/
102,Florida,Sunrise,SAWGRASS MILLS,"Factory Store,Petites","12801 West Sunrise Blvd. Space 453,Sunrise, FL 33323",https://bananarepublic.gap.com/stores/fl/sunrise/
103,Florida,Tampa,INTERNATIONAL PLAZA,,"2223 N West Shore Blvd #262,Tampa, FL 33607-1411",https://bananarepublic.gap.com/stores/fl/tampa/
104,Florida,West Palm Beach,Tanger Palm Beach,"Factory Store,Women's Only,Men's Only","1755 Palm Beach Lakes Blvd #w117,West Palm Beach, FL 33401",https://bananarepublic.gap.com/stores/fl/westpalmbeach/
105,Georgia,Alpharetta,AVALON,,"6110 Avalon Blvd ,Alpharetta, GA 30009",https://bananarepublic.gap.com/stores/ga/alpharetta/
106,Georgia,Athens,EPPS BRIDGE CENTRE,Factory Store,"1791 Oconee Connector Ste 630,Athens, GA 30606",https://bananarepublic.gap.com/stores/ga/athens/
107,Georgia,Atlanta,ATLANTIC STATION,,"260 18th Street Suite 10130,Atlanta, GA 30363",https://bananarepublic.gap.com/stores/ga/atlanta/
108,Georgia,Atlanta,Lenox Square,"Baby,Shoes","3393 Peachtree Rd Ne Space 3001,Atlanta, GA 30326",https://bananarepublic.gap.com/stores/ga/atlanta/
109,Georgia,Atlanta,VININGS JUBILEE,,"4300 Paces Ferry Rd Se Ste 160,Atlanta, GA 30339-5703",https://bananarepublic.gap.com/stores/ga/atlanta/
110,Georgia,Commerce,COMMERCE TANGER,"Factory Store,Women's Only,Men's Only","800 Steven B Tanger Blvd Ste 1005,Commerce, GA 30529-3586",https://bananarepublic.gap.com/stores/ga/commerce/
111,Georgia,Dawsonville,N GEORGIA PREMIUM,"Factory Store,Petites","800 Highway 400 South Ste 973,Dawsonville, GA 30534-8029",https://bananarepublic.gap.com/stores/ga/dawsonville/
112,Georgia,Locust Grove,LOCUST GROVE TANGER,Factory Store,"1000 Tanger Drive Ste 415,Locust Grove, GA 30248-3667",https://bananarepublic.gap.com/stores/ga/locustgrove/
113,Georgia,Marietta,AVENUE AT EAST COBB,Shoes,"4475 Roswell Road Suite 920,Marietta, GA 30062",https://bananarepublic.gap.com/stores/ga/marietta/
114,Georgia,Norcross,Forum On Peachtree,,"5145 Peachtree Parkway Base #450,Norcross, GA 30092",https://bananarepublic.gap.com/stores/ga/norcross/
115,Georgia,Pooler,TANGER OUT SAVANNAH,Factory Store,"200 Tanger Outlet Blvd Suite 517,Pooler, GA 31322",https://bananarepublic.gap.com/stores/ga/pooler/
116,Georgia,Savannah,TELFAIR BUILDING,Shoes,"121 W Broughton St ,Savannah, GA 31401-3211",https://bananarepublic.gap.com/stores/ga/savannah/
117,Georgia,Woodstock,OUTLT SHOP @ ATLANTA,Factory Store,"915 Ridgewalk Pky ,Woodstock, GA 30188",https://bananarepublic.gap.com/stores/ga/woodstock/
118,Hawaii,Honolulu,INT'L MARKET PLACE,,"2330 Kalakaua Avenue Space No. 266,Honolulu, HI 96815",https://bananarepublic.gap.com/stores/hi/honolulu/
119,Hawaii,Lahaina,OUTLETS OF MAUI,Factory Store,"900 Front Street Space F4,Lahaina, HI 96761-1611",https://bananarepublic.gap.com/stores/hi/lahaina/
120,Hawaii,Wailea,SHOPS AT WAILEA,,"3750 Wailea Alanui Drive Building 4, Space A-47,Wailea, HI 96753",https://bananarepublic.gap.com/stores/hi/wailea/
121,Hawaii,Waipahu,WAIKELE CENTER,Factory Store,"94-815a Lumiaina ,Waipahu, HI 96797-5025",https://bananarepublic.gap.com/stores/hi/waipahu/
122,Idaho,Boise,Boise T/Sq,,"350 N Milwaukee Street Ste 1139,Boise, ID 83704",https://bananarepublic.gap.com/stores/id/boise/
123,Illinois,Aurora,Chicago Premium,"Factory Store,Petites","1650 Premium Outlets Blvd Ste 1169,Aurora, IL 60502",https://bananarepublic.gap.com/stores/il/aurora/
124,Illinois,Chicago,BLOCK 37,Factory Store,"108 N State Street Ste #140,Chicago, IL 60602",https://bananarepublic.gap.com/stores/il/chicago/
125,Illinois,Chicago,ROOSEVELT COLLECTION,,"1124 South Delano Court West ,Chicago, IL 60605",https://bananarepublic.gap.com/stores/il/chicago/
126,Illinois,Chicago,2720 N CLARK,"Factory Store,Women's Only,Men's Only","2720 N Clark Street ,Chicago, IL 60614",https://bananarepublic.gap.com/stores/il/chicago/
127,Illinois,Deer Park,Deer Park,Shoes,"20530 N Rand Rd Ste 210,Deer Park, IL 60010-7239",https://bananarepublic.gap.com/stores/il/deerpark/
128,Illinois,Geneva,GENEVA COMMONS,Shoes,"226 Commons Drive 2050,Geneva, IL 60134-2522",https://bananarepublic.gap.com/stores/il/geneva/
129,Illinois,Oak Brook,Oakbrook Center,"BR Home,Baby,Shoes","49 Oakbrook Center ,Oak Brook, IL 60523-1810",https://bananarepublic.gap.com/stores/il/oakbrook/
130,Illinois,Rosemont,FASHION OUT OF CHI,Factory Store,"5220 Rose Street Space #2037,Rosemont, IL 60018-2037",https://bananarepublic.gap.com/stores/il/rosemont/
131,Illinois,Skokie,Old Orchard S/C,Shoes,"4999 Old Orchard #l14 Space F088,Skokie, IL 60077-1405",https://bananarepublic.gap.com/stores/il/skokie/
132,Indiana,Edinburgh,INDIANA PREMIUM,"Factory Store,Petites,Women's Only,Men's Only","11721 N Executive Dr Ste B90,Edinburgh, IN 46124-9177",https://bananarepublic.gap.com/stores/in/edinburgh/
133,Indiana,Evansville,EVANSVILLE PAVILION,Factory Store,"6501 East Lloyd Expressway Ste 13,Evansville, IN 47715-4077",https://bananarepublic.gap.com/stores/in/evansville/
134,Indiana,Indianapolis,FASHION MALL@KEYSTNE,Shoes,"8701 Keystone At The Crossing Space 47-50,Indianapolis, IN 46240",https://bananarepublic.gap.com/stores/in/indianapolis/
135,Indiana,Michigan City,LIGHTHOUSE PLACE,Factory Store,"601 Wabash Street ,Michigan City, IN 46360-3415",https://bananarepublic.gap.com/stores/in/michigancity/
136,Iowa,West Des Moines,JORDAN CREEK T/C,Shoes,"101 Jordan Creek Parkway 12072,West Des Moines, IA 50266-8115",https://bananarepublic.gap.com/stores/ia/westdesmoines/
137,Kansas,Kansas City,KANSAS CITY LEGENDS,"Factory Store,Women's Only,Men's Only","1813 Village West Park ,Kansas City, KS 66111-1880",https://bananarepublic.gap.com/stores/ks/kansascity/
138,Kansas,Leawood,TOWN CENTER PLAZA,Shoes,"4852 W 119th Street ,Leawood, KS 66209",https://bananarepublic.gap.com/stores/ks/leawood/
139,Kentucky,Louisville,PADDOCK SHOPS,Shoes,"4226 Summit Plaza Dr Suite B6,Louisville, KY 40241-8106",https://bananarepublic.gap.com/stores/ky/louisville/
140,Kentucky,Simpsonville,OUTLET OF BLUEGRASS,Factory Store,"1155 Buck Creek Road Suite 818,Simpsonville, KY 40067",https://bananarepublic.gap.com/stores/ky/simpsonville/
141,Louisiana,Baton Rouge,T/C @ CEDAR LODGE,,"2373 Towne Center Blvd ,Baton Rouge, LA 70806",https://bananarepublic.gap.com/stores/la/batonrouge/
142,Louisiana,Gonzales,GONZALES TANGER,"Factory Store,Petites,Women's Only,Men's Only","2300 South Tanger Blvd Ste 111,Gonzales, LA 70737",https://bananarepublic.gap.com/stores/la/gonzales/
143,Louisiana,Harahan,ELMWOOD SC,Factory Store,"1200 South Clearview Parkway Ste 1312,Harahan, LA 70123",https://bananarepublic.gap.com/stores/la/harahan/
144,Louisiana,Mandeville,Premier Centre,"Shoes,Women's Only,Men's Only","3414 Highway 190 Ste 603,Mandeville, LA 70471",https://bananarepublic.gap.com/stores/la/mandeville/
145,Louisiana,New Orleans,CANAL PLACE,Shoes,"333 Canal Street Ste 102,New Orleans, LA 70130",https://bananarepublic.gap.com/stores/la/neworleans/
146,Maine,Freeport,MAIN ST - FREEPORT,Factory Store,"39 Main Street ,Freeport, ME 04032",https://bananarepublic.gap.com/stores/me/freeport/
147,Maine,Kittery,KITTERY PREMIUM,"Factory Store,Petites,Women's Only,Men's Only","325 Us Route 1 Ste 1,Kittery, ME 03904-6508",https://bananarepublic.gap.com/stores/me/kittery/
148,Maine,South Portland,MAINE MALL,,"364 Maine Mall Road ,South Portland, ME 04106",https://bananarepublic.gap.com/stores/me/southportland/
149,Maryland,Bethesda,Montgomery - MD,,"7101 Democracy Blvd Ste 2054,Bethesda, MD 20817",https://bananarepublic.gap.com/stores/md/bethesda/
150,Maryland,Chevy Chase,WISCONSIN/CHEVY CHAS,Shoes,"5430 Wisconsin Ave Space #2230,Chevy Chase, MD 20815",https://bananarepublic.gap.com/stores/md/chevychase/
151,Maryland,Clarksburg,CLARKSBURG PREMIUM,Factory Store,"22705 Clarksburg Road Suite 700,Clarksburg, MD 20871",https://bananarepublic.gap.com/stores/md/clarksburg/
152,Maryland,Columbia,COLUMBIA MALL - MD,"Baby,Shoes","10300 Little Patuxent Pkwy Ste 2030,Columbia, MD 21044",https://bananarepublic.gap.com/stores/md/columbia/
153,Maryland,Hanover,ARUNDEL MILLS,Factory Store,"7000 Arundel Mills Circle Space #448,Hanover, MD 21076-1380",https://bananarepublic.gap.com/stores/md/hanover/
154,Maryland,National Harbor,NATIONAL HARBOR,Factory Store,"6800 Oxon Hill Rd Ste 200,National Harbor, MD 20745",https://bananarepublic.gap.com/stores/md/nationalharbor/
155,Maryland,Queenstown,QUEENSTOWN PREMIUM,Factory Store,"403 Outlet Center Drive ,Queenstown, MD 21658",https://bananarepublic.gap.com/stores/md/queenstown/
156,Maryland,Towson,TOWSON T/C,,"825 Dulaney Valley Road Space 324,Towson, MD 21204",https://bananarepublic.gap.com/stores/md/towson/
157,Massachusetts,Boston,Copley Place,Shoes,"100 Huntington Avenue Space F1,Boston, MA 02116",https://bananarepublic.gap.com/stores/ma/boston/
158,Massachusetts,Boston,Mktpl - Faneuil Hall,"Women's Only,Men's Only","200 State Street B10 - 12,Boston, MA 02109",https://bananarepublic.gap.com/stores/ma/boston/
159,Massachusetts,Burlington,BURLINGTON MALL - MA,,"75 Middlesex Turpike Suite 2052,Burlington, MA 01803",https://bananarepublic.gap.com/stores/ma/burlington/
160,Massachusetts,Dedham,Legacy Place,Petites,"532 Legacy Place ,Dedham, MA 02026",https://bananarepublic.gap.com/stores/ma/dedham/
161,Massachusetts,Hingham,Derby St Shops,,"94 Derby Street 368,Hingham, MA 02043-4202",https://bananarepublic.gap.com/stores/ma/hingham/
162,Massachusetts,Lee,LEE PREMIUM,Factory Store,"640 Premium Outlets Blvd ,Lee, MA 01238-8506",https://bananarepublic.gap.com/stores/ma/lee/
163,Massachusetts,Lynnfield,MKT STREET LYNNFIELD,,"1515 Market Street ,Lynnfield, MA 01940-4227",https://bananarepublic.gap.com/stores/ma/lynnfield/
164,Massachusetts,Millbury,SHOPS@BLACKSTONE VLL,Factory Store,"70 Worcester Providence Turnpike,Millbury, MA 01527",https://bananarepublic.gap.com/stores/ma/millbury/
165,Massachusetts,Natick,Natick Mall,"Baby,Shoes","1245 Worcester Street Ste1082,Natick, MA 01760",https://bananarepublic.gap.com/stores/ma/natick/
166,Massachusetts,Somerville,ASSEMBLY ROW,Factory Store,"559 Assembly Row ,Somerville, MA 02145",https://bananarepublic.gap.com/stores/ma/somerville/
167,Massachusetts,Wrentham,WRENTHAM VILLAGE,"Factory Store,Petites,Women's Only,Men's Only","1 Premium Outlet Blvd Ste 550,Wrentham, MA 02093-1589",https://bananarepublic.gap.com/stores/ma/wrentham/
168,Michigan,Auburn Hills,GREAT LAKES CROSSING,Factory Store,"4630 Baldwin Rd Ste 116,Auburn Hills, MI 48326-1282",https://bananarepublic.gap.com/stores/mi/auburnhills/
169,Michigan,Byron Center,GRAND RAPIDS TANGER,Factory Store,"350 84th Street Suite 680,Byron Center, MI 49315",https://bananarepublic.gap.com/stores/mi/byroncenter/
170,Michigan,Howell,HOWELL (KENSINGTON),Factory Store,"1475 Burkhart Rd Ste F150,Howell, MI 48855-7222",https://bananarepublic.gap.com/stores/mi/howell/
171,Michigan,Lansing,EASTWOOD T/C,,"3020 Towne Centre Blvd ,Lansing, MI 48912-5623",https://bananarepublic.gap.com/stores/mi/lansing/
172,Michigan,Novi,Twelve Oaks,Shoes,"27434 Novi Road Space #b223, B224,Novi, MI 48377",https://bananarepublic.gap.com/stores/mi/novi/
173,Michigan,Rochester Hills,VILLAGE ROCHESTER,Shoes,"244 N Adams Road D244,Rochester Hills, MI 48309",https://bananarepublic.gap.com/stores/mi/rochesterhills/
174,Michigan,Troy,Somerset Collection,Baby,"2800 West Big Beaver Road Suite R260,Troy, MI 48084",https://bananarepublic.gap.com/stores/mi/troy/
175,Minnesota,Bloomington,Mall Of America,"Baby,Shoes","100 W Market W100a,Bloomington, MN 55425-5521",https://bananarepublic.gap.com/stores/mn/bloomington/
176,Minnesota,Eagan,TWIN CITIES EAGAN,Factory Store,"3925 Eagan Outlets Parkway Building 400, Space 900,Eagan, MN 55122",https://bananarepublic.gap.com/stores/mn/eagan/
177,Minnesota,Edina,SOUTHDALE CENTER,Shoes,"1060 Southdale Ctr ,Edina, MN 55435-7050",https://bananarepublic.gap.com/stores/mn/edina/
178,Minnesota,Roseville,ROSEDALE,,"1595 Highway 36 W Space 400,Roseville, MN 55113-3017",https://bananarepublic.gap.com/stores/mn/roseville/
179,Minnesota,St Louis Park,SHOPPES AT KNOLLWOOD,Factory Store,"8332 Mn-7 ,St Louis Park, MN 55426",https://bananarepublic.gap.com/stores/mn/stlouispark/
180,Minnesota,Woodbury,WOODBURY LAKES,,"9120 Hudson Road Ste 306,Woodbury, MN 55125",https://bananarepublic.gap.com/stores/mn/woodbury/
181,Mississippi,Gulfport,GULFPORT PREMIUM,"Factory Store,Petites","10850 Factory Shop Blvd Space 820, 830,Gulfport, MS 39503-4242",https://bananarepublic.gap.com/stores/ms/gulfport/
182,Mississippi,Pearl,OUTLT OF MISSISSIPPI,Factory Store,"200 Bass Pro Drive ,Pearl, MS 39208",https://bananarepublic.gap.com/stores/ms/pearl/
183,Mississippi,Southaven,TANGER OUTLTMEMPHIS,Factory Store,"5205 Airways Blvd Suite #1090,Southaven, MS 38671",https://bananarepublic.gap.com/stores/ms/southaven/
184,Missouri,Branson,BRANSON TANGER,"Factory Store,Women's Only,Men's Only","300 Tanger Blvd Ste 117,Branson, MO 65616-2187",https://bananarepublic.gap.com/stores/mo/branson/
185,Missouri,Kansas City,Cntry Club Plaza-MO,"Baby,Shoes","450 W. 47th Street ,Kansas City, MO 64112",https://bananarepublic.gap.com/stores/mo/kansascity/
186,Missouri,Richmond Heights,St Louis Galleria,Shoes,"1456 Saint Louis Galleria ,Richmond Heights, MO 63117-1109",https://bananarepublic.gap.com/stores/mo/richmondheights/
187,Missouri,St Louis,WEST COUNTY CENTER,,"32 West County Center Spc 1090,St Louis, MO 63131",https://bananarepublic.gap.com/stores/mo/stlouis/
188,Nebraska,Gretna,Nebraska Crossing,"Factory Store,Women's Only,Men's Only","21355 Nebraska Crossing Drive Ste F117,Gretna, NE 68028-7375",https://bananarepublic.gap.com/stores/ne/gretna/
189,Nebraska,Omaha,VILLAGE POINTE,,"17151 Davenport St Ste M115,Omaha, NE 68118-4093",https://bananarepublic.gap.com/stores/ne/omaha/
190,Nevada,Las Vegas,LAS VEGAS PREM-NORTH,"Factory Store,Petites","605 Grand Central Parkway Ste 1280,Las Vegas, NV 89106-4519",https://bananarepublic.gap.com/stores/nv/lasvegas/
191,Nevada,Las Vegas,DOWNTOWN SUMMERLIN,,"1875 Festival Plaza Drive Ste #120,Las Vegas, NV 89135",https://bananarepublic.gap.com/stores/nv/lasvegas/
192,Nevada,Las Vegas,LAS VEGAS PREM-SOUTH,"Factory Store,Women's Only,Men's Only","7400 Las Vegas Blvd South ,Las Vegas, NV 89123",https://bananarepublic.gap.com/stores/nv/lasvegas/
193,Nevada,Las Vegas,VENETIAN (THE),Shoes,"3377 Las Vegas Blvd S Ste 2090,Las Vegas, NV 89109",https://bananarepublic.gap.com/stores/nv/lasvegas/
194,Nevada,Las Vegas,FASHION SHOW (3153),,"3200 Las Vegas Blvd South Suite 1495,Las Vegas, NV 89109",https://bananarepublic.gap.com/stores/nv/lasvegas/
195,Nevada,Sparks,OUTLETS AT SPARKS,Factory Store,"1310 Scheels Drive Ste 102,Sparks, NV 89434",https://bananarepublic.gap.com/stores/nv/sparks/
196,New Hampshire,Merrimack,MERRIMACK PREMIUM,Factory Store,"80 Premium Outlets Blvd Ste 499,Merrimack, NH 03054-4774",https://bananarepublic.gap.com/stores/nh/merrimack/
197,New Hampshire,North Conway,SETTLERS GREEN,"Factory Store,Women's Only,Men's Only","17 Settlers Grn Ste B54,North Conway, NH 03860",https://bananarepublic.gap.com/stores/nh/northconway/
198,New Hampshire,Tilton,TILTON TANGER,"Factory Store,Petites","120 Laconia Rd Ste 110,Tilton, NH 03276",https://bananarepublic.gap.com/stores/nh/tilton/
199,New Jersey,Atlantic City,ATLANTIC CITY TANGER,"Factory Store,Petites","2000 Atlantic Avenue Ste 800,Atlantic City, NJ 08401-6708",https://bananarepublic.gap.com/stores/nj/atlanticcity/
200,New Jersey,Blackwood,GLOUCESTER PREMIUM,"Factory Store,Women's Only,Men's Only","100 Premium Outlets Drive Ste 890,Blackwood, NJ 08012-3884",https://bananarepublic.gap.com/stores/nj/blackwood/
201,New Jersey,Cherry Hill,CHERRY HILL MALL,,"2000 Route 38 Ste 1265,Cherry Hill, NJ 08002-2100",https://bananarepublic.gap.com/stores/nj/cherryhill/
202,New Jersey,Chester,Streets of Chester,"Women's Only,Men's Only","270 Us-206 ,Chester, NJ 07930",https://bananarepublic.gap.com/stores/nj/chester/
203,New Jersey,Denville,Shoppes @ Union Hill,Shoes,"3056 State Route 10 Ste Q,Denville, NJ 07834-3488",https://bananarepublic.gap.com/stores/nj/denville/
204,New Jersey,Edgewater,Citypl@The Promenade,Shoes,"225 River Rd Space A-4,Edgewater, NJ 07020-1004",https://bananarepublic.gap.com/stores/nj/edgewater/
205,New Jersey,Edison,MENLO PARK MALL,,"519 Menlo Park 519,Edison, NJ 08837-2428",https://bananarepublic.gap.com/stores/nj/edison/
206,New Jersey,Elizabeth,JERSEY GARDENS,"Factory Store,Petites,Women's Only,Men's Only","1000 Kapkowski Road Ste 1024,Elizabeth, NJ 07201-2935",https://bananarepublic.gap.com/stores/nj/elizabeth/
207,New Jersey,Hackensack,RIVERSIDE SQUARE,Shoes,"1 Riverside Square Space 253,Hackensack, NJ 07601",https://bananarepublic.gap.com/stores/nj/hackensack/
208,New Jersey,Jackson,JACKSON PREMIUM,"Factory Store,Women's Only,Men's Only","537 Monmouth Road Ste 108,Jackson, NJ 08527-5363",https://bananarepublic.gap.com/stores/nj/jackson/
209,New Jersey,Marlton,SAGEMOORE,Shoes,"500 Route 73 South Ste A-1,Marlton, NJ 08053",https://bananarepublic.gap.com/stores/nj/marlton/
210,New Jersey,North Brunswick,Shoppes @N.Brunswick,,"511 Shoppes Blvd ,North Brunswick, NJ 08902",https://bananarepublic.gap.com/stores/nj/northbrunswick/
211,New Jersey,Paramus,Garden State Plaza,"Baby,Shoes","1 Garden State Plaza Space L1-2,Paramus, NJ 07652",https://bananarepublic.gap.com/stores/nj/paramus/
212,New Jersey,Paramus,BERGEN TOWN CENTER,"Factory Store,Women's Only,Men's Only","655 Bergen Town Center Ste 33,Paramus, NJ 07652-5012",https://bananarepublic.gap.com/stores/nj/paramus/
213,New Jersey,Princeton,MARKETFAIR,,"3535 Us Highway 1 Ste 124,Princeton, NJ 08540-5970",https://bananarepublic.gap.com/stores/nj/princeton/
214,New Jersey,Sea Girt,Brook 35 Plaza,Baby,"2150 Highway 35 Spaces E14-16,Sea Girt, NJ 08750",https://bananarepublic.gap.com/stores/nj/seagirt/
215,New Jersey,Short Hills,Short Hills Mall,"Baby,Shoes","1200 Morris Turnpike Ste 203,Short Hills, NJ 07078",https://bananarepublic.gap.com/stores/nj/shorthills/
216,New Jersey,Shrewsbury,Grove (The),,"525 Route 35 ,Shrewsbury, NJ 07702",https://bananarepublic.gap.com/stores/nj/shrewsbury/
217,New Jersey,Tinton Falls,JERSEY SHORE PREMIUM,"Factory Store,Petites,Women's Only,Men's Only","One Premium Outlets Blvd ,Tinton Falls, NJ 07753",https://bananarepublic.gap.com/stores/nj/tintonfalls/
218,New Jersey,Wayne,WILLOWBROOK - NJ,Shoes,"1605 Willowbrook Mall Ste 1605,Wayne, NJ 07470-6907",https://bananarepublic.gap.com/stores/nj/wayne/
219,New Jersey,Westfield,Central Av-Westfield,,"137 Central Ave ,Westfield, NJ 07090-2285",https://bananarepublic.gap.com/stores/nj/westfield/
220,New Jersey,Woodcliff Lake,TICE'S CORNER,Shoes,"407 Chestnut Ridge Rd Ste 7,Woodcliff Lake, NJ 07677-7679",https://bananarepublic.gap.com/stores/nj/woodclifflake/
221,New Mexico,Albuquerque,ABQ UPTOWN,,"2240 Q Street Ne Suite 10a,Albuquerque, NM 87110",https://bananarepublic.gap.com/stores/nm/albuquerque/
222,New York,Albany,Crossgates Mall,,"1 Crossgates Mall Rd Space A-211,Albany, NY 12203",https://bananarepublic.gap.com/stores/ny/albany/
223,New York,Astoria,STEINWAY ST-ASTORIA,Factory Store,"31-02 Steinway St ,Astoria, NY 11103",https://bananarepublic.gap.com/stores/ny/astoria/
224,New York,Brooklyn,BAY RIDGE,Factory Store,"422 86th Street ,Brooklyn, NY 11209",https://bananarepublic.gap.com/stores/ny/brooklyn/
225,New York,Brooklyn,485 FULTON STREET,"Factory Store,Women's Only,Men's Only","485 Fulton Street ,Brooklyn, NY 11201",https://bananarepublic.gap.com/stores/ny/brooklyn/
226,New York,Central Valley,Woodbury Common,"Factory Store,Petites,Women's Only,Men's Only","454 Dune Rd ,Central Valley, NY 10917",https://bananarepublic.gap.com/stores/ny/centralvalley/
227,New York,Deer Park,Tanger Deer Park,"Factory Store,Petites","665 The Arches Circle ,Deer Park, NY 11729-7062",https://bananarepublic.gap.com/stores/ny/deerpark/
228,New York,Forest Hills,AUSTIN ST-FOREST HLS,Factory Store,"71-18 Austin St ,Forest Hills, NY 11375",https://bananarepublic.gap.com/stores/ny/foresthills/
229,New York,Garden City,GALLERY@WESTBURY PLZ,Factory Store,"1060b Old Country Road ,Garden City, NY 11530-2147",https://bananarepublic.gap.com/stores/ny/gardencity/
230,New York,Garden City,ROOSEVELT FIELD,"Baby,Women's Only,Men's Only","630 Old Country Rd Ste 2047,Garden City, NY 11530-3453",https://bananarepublic.gap.com/stores/ny/gardencity/
231,New York,Jackson Heights,JACKSON HEIGHTS,Factory Store,"37-15 82nd Street ,Jackson Heights, NY 11372",https://bananarepublic.gap.com/stores/ny/jacksonheights/
232,New York,Lake George,FRENCH MTN COMMONS,"Factory Store,Petites","1439 State Route 9 ,Lake George, NY 12845-3421",https://bananarepublic.gap.com/stores/ny/lakegeorge/
233,New York,New York,261 125TH ST. HARLEM,Factory Store,"261 125th Street ,New York, NY 10027",https://bananarepublic.gap.com/stores/ny/newyork/
234,New York,New York,GRAND CENTRAL TERM,,"107 E. 42nd Street ,New York, NY 10017",https://bananarepublic.gap.com/stores/ny/newyork/
235,New York,New York,Rockefeller Center,Baby,"626 5th Ave ,New York, NY 10020",https://bananarepublic.gap.com/stores/ny/newyork/
236,New York,New York,World Trade Center,,"101 Liberty St #1420,New York, NY 10006-1403",https://bananarepublic.gap.com/stores/ny/newyork/
237,New York,New York,34th & Fifth,Factory Store,"17 W. 34th Street ,New York, NY 10001",https://bananarepublic.gap.com/stores/ny/newyork/
238,New York,New York,FLATIRON,"BR Home,Baby","105 5th Ave ,New York, NY 10003-1010",https://bananarepublic.gap.com/stores/ny/newyork/
239,New York,New York,Broadway @ Prince-NY,,"552 & 556 Broadway ,New York, NY 10012",https://bananarepublic.gap.com/stores/ny/newyork/
240,New York,New York,SOHO Pop-Up,BR Home,"515 Broadway ,New York, NY 10012",https://bananarepublic.gap.com/stores/ny/newyork/
241,New York,Niagara Falls,NIAGARA FALLS,"Factory Store,Petites,Women's Only,Men's Only","1840 Military Road ,Niagara Falls, NY 14304-1772",https://bananarepublic.gap.com/stores/ny/niagarafalls/
242,New York,Oceanside,SANDS (THE),Factory Store,"3515 Long Beach Road Space 26,Oceanside, NY 11572-5701",https://bananarepublic.gap.com/stores/ny/oceanside/
243,New York,Plainview,PLAINVIEW WOODBURY,Factory Store,"419 South Oyster Bay Road ,Plainview, NY 11803",https://bananarepublic.gap.com/stores/ny/plainview/
244,New York,Riverhead,RIVERHEAD TANGER,"Factory Store,Petites,Women's Only,Men's Only","200 Tanger Mall Drive Ste 1700,Riverhead, NY 11901-6402",https://bananarepublic.gap.com/stores/ny/riverhead/
245,New York,Scarsdale,Vernon Hills,Shoes,"700 Whiteplains Road Ste 729,Scarsdale, NY 10583",https://bananarepublic.gap.com/stores/ny/scarsdale/
246,New York,Staten Island,EMPIRE OUTLETS,Factory Store,"55 Richmond Terrace Ste 312,Staten Island, NY 10301-1971",https://bananarepublic.gap.com/stores/ny/statenisland/
247,New York,Victor,Eastview Mall,,"135 Eastview Mall ,Victor, NY 14564-1021",https://bananarepublic.gap.com/stores/ny/victor/
248,New York,Waterloo,WATERLOO PREMIUM,Factory Store,"655 Route 318 Ste 102,Waterloo, NY 13165",https://bananarepublic.gap.com/stores/ny/waterloo/
249,New York,Yonkers,Ridge Hill,,"128 Market Street ,Yonkers, NY 10710",https://bananarepublic.gap.com/stores/ny/yonkers/
250,North Carolina,Asheville,ASHEVILLE OUTLETS,Factory Store,"800 Brevard Road Ste 133,Asheville, NC 28806",https://bananarepublic.gap.com/stores/nc/asheville/
251,North Carolina,Blowing Rock,SHOPPES ON THE PARKWAY,Factory Store,"310 Shoppes On The Parkway Road Ste 9,Blowing Rock, NC 28605-9844",https://bananarepublic.gap.com/stores/nc/blowingrock/
252,North Carolina,Charlotte,CHARLOTTE PREM OUTLT,Factory Store,"5410 New Fashion Way Suite 270,Charlotte, NC 28278",https://bananarepublic.gap.com/stores/nc/charlotte/
253,North Carolina,Charlotte,Blakeney Park,Baby,"9812 Rea Road Suite D,Charlotte, NC 28277",https://bananarepublic.gap.com/stores/nc/charlotte/
254,North Carolina,Concord,CONCORD MILLS,"Factory Store,Petites,Women's Only,Men's Only","8111 Concord Mills Blvd Ste 308,Concord, NC 28027-6477",https://bananarepublic.gap.com/stores/nc/concord/
255,North Carolina,Durham,Streets @ Southpoint,Shoes,"6910 Fayetteville Road Ste 1340,Durham, NC 27713",https://bananarepublic.gap.com/stores/nc/durham/
256,North Carolina,Mebane,MEBANE TANGER,"Factory Store,Women's Only,Men's Only","4000 Arrowhead Blvd Ste 600,Mebane, NC 27302-7650",https://bananarepublic.gap.com/stores/nc/mebane/
257,North Carolina,Raleigh,CRABTREE VALLEY,,"4325 Glenwood Ave Ste 240,Raleigh, NC 27612",https://bananarepublic.gap.com/stores/nc/raleigh/
258,North Carolina,Wilmington,MAYFAIRE TOWN CENTER,,"6841 Main Street ,Wilmington, NC 28405",https://bananarepublic.gap.com/stores/nc/wilmington/
259,Ohio,Aurora,AURORA PREMIUM,"Factory Store,Women's Only,Men's Only","549 S. Chillicothe Road ,Aurora, OH 44202-7848",https://bananarepublic.gap.com/stores/oh/aurora/
260,Ohio,Cincinnati,Rookwood Commons,Shoes,"2667 Edmondson Road Space A11,Cincinnati, OH 45209",https://bananarepublic.gap.com/stores/oh/cincinnati/
261,Ohio,Columbus,EASTON T/C,Shoes,"3961 Easton Station Space H104,Columbus, OH 43219-6065",https://bananarepublic.gap.com/stores/oh/columbus/
262,Ohio,Monroe,CINCINNATI PREMIUM,"Factory Store,Petites,Women's Only,Men's Only","601 Premium Outlet Drive ,Monroe, OH 45050",https://bananarepublic.gap.com/stores/oh/monroe/
263,Ohio,Sunbury,COLUMBUS TANGER,Factory Store,"400 S. Wilson Road Suite 680,Sunbury, OH 43074",https://bananarepublic.gap.com/stores/oh/sunbury/
264,Ohio,Westlake,CROCKER PARK,,"200 Market Street ,Westlake, OH 44145",https://bananarepublic.gap.com/stores/oh/westlake/
265,Oklahoma,Oklahoma City,OKLAHOMA CITY F/S,Factory Store,"7630 West Reno Ave Ste 260,Oklahoma City, OK 73127-7209",https://bananarepublic.gap.com/stores/ok/oklahomacity/
266,Oklahoma,Tulsa,Utica Square,Shoes,"1866 Utica Square ,Tulsa, OK 74114",https://bananarepublic.gap.com/stores/ok/tulsa/
267,Oregon,Bend,Old Mill District,Shoes,"545 Sw Powerhouse Dr 901,Bend, OR 97702-1293",https://bananarepublic.gap.com/stores/or/bend/
268,Oregon,Hillsboro,Streets Tanasbourne,,"2070 Ne Allie Avenue #420,Hillsboro, OR 97124",https://bananarepublic.gap.com/stores/or/hillsboro/
269,Oregon,Portland,CASCADE STATION,Factory Store,"9959 Ne Cascades Parkway ,Portland, OR 97220-6817",https://bananarepublic.gap.com/stores/or/portland/
270,Oregon,Tigard,BRIDGEPORT VILLAGE,,"7345 Sw Bridgeport Road ,Tigard, OR 97224-7710",https://bananarepublic.gap.com/stores/or/tigard/
271,Oregon,Woodburn,WOODBURN PREM OUTLTS,"Factory Store,Petites,Women's Only,Men's Only","1001 N Arney Rd Ste 100,Woodburn, OR 97071-8448",https://bananarepublic.gap.com/stores/or/woodburn/
272,Pennsylvania,Center Valley,Shops@Saucon Valley,,"2960 Center Valley Parkway Suite 722,Center Valley, PA 18034",https://bananarepublic.gap.com/stores/pa/centervalley/
273,Pennsylvania,Exton,MAIN ST AT EXTON,Factory Store,"275 Main St ,Exton, PA 19341",https://bananarepublic.gap.com/stores/pa/exton/
274,Pennsylvania,Grove City,GROVE CITY PREMIUM,"Factory Store,Petites,Women's Only,Men's Only","1911 Leesburg Grove City Rd Ste 100,Grove City, PA 16127-3352",https://bananarepublic.gap.com/stores/pa/grovecity/
275,Pennsylvania,Hershey,TANGER OUT @ HERSHEY,Factory Store,"83 Outlet Square ,Hershey, PA 17033",https://bananarepublic.gap.com/stores/pa/hershey/
276,Pennsylvania,King Of Prussia,Ct @ King Of Prussia,Shoes,"438 Mall Blvd ,King Of Prussia, PA 19406",https://bananarepublic.gap.com/stores/pa/kingofprussia/
277,Pennsylvania,Lancaster,LANCASTER TANGER,"Factory Store,Petites","1100 Stanley K Tanger Blvd Ste 1100,Lancaster, PA 17602-6204",https://bananarepublic.gap.com/stores/pa/lancaster/
278,Pennsylvania,Philadelphia,CHESTNUT STREET- PA,Factory Store,"1911 Chestnut Street ,Philadelphia, PA 19103",https://bananarepublic.gap.com/stores/pa/philadelphia/
279,Pennsylvania,Pittsburgh,ROSS PARK,,"1000 Ross Park Mall Drive Space J456,Pittsburgh, PA 15237",https://bananarepublic.gap.com/stores/pa/pittsburgh/
280,Pennsylvania,Pittsburgh,Walnut St-Shadyside,Shoes,"5542 Walnut Street ,Pittsburgh, PA 15232",https://bananarepublic.gap.com/stores/pa/pittsburgh/
281,Pennsylvania,Pottstown,PHILADELPHIA PREMIUM,"Factory Store,Petites","18 Lightcap Road Ste 327,Pottstown, PA 19464",https://bananarepublic.gap.com/stores/pa/pottstown/
282,Pennsylvania,Tannersville,Pocono Prem Outlets,"Factory Store,Petites","1000 Premium Outlets Drive Ste H-04,Tannersville, PA 18372",https://bananarepublic.gap.com/stores/pa/tannersville/
283,Pennsylvania,Warrington,VALLEY SQUARE,,"1541 Main Street Building 3, Suite 301,Warrington, PA 18976",https://bananarepublic.gap.com/stores/pa/warrington/
284,Pennsylvania,Washington,PITTSBURGH TANGER,"Factory Store,Petites","2200 Tanger Blvd Ste 630,Washington, PA 15301-7920",https://bananarepublic.gap.com/stores/pa/washington/
285,Pennsylvania,Wilkes-barre,ARENA HUB PLAZA,"Factory Store,Women's Only,Men's Only","437 Arena Hub Plz ,Wilkes-barre, PA 18702-6838",https://bananarepublic.gap.com/stores/pa/wilkes-barre/
286,Rhode Island,Cranston,Garden City Center,,"72 Hillside Road ,Cranston, RI 02920",https://bananarepublic.gap.com/stores/ri/cranston/
287,Rhode Island,Newport,THAMES ST - NEWPORT,,"124 Thames Street ,Newport, RI 02840",https://bananarepublic.gap.com/stores/ri/newport/
288,Rhode Island,Providence,Providence Place,Shoes,"21 Providence Place Space B102,Providence, RI 02903",https://bananarepublic.gap.com/stores/ri/providence/
289,South Carolina,Bluffton,HILTON HEAD TANGER,"Factory Store,Petites","1414 Fording Island Road Ste G100,Bluffton, SC 29910-8672",https://bananarepublic.gap.com/stores/sc/bluffton/
290,South Carolina,Greenville,Haywood,,"700 Haywood Rd Space No. 1044,Greenville, SC 29607",https://bananarepublic.gap.com/stores/sc/greenville/
291,South Carolina,Myrtle Beach,MYRTLE BEACH 501,"Factory Store,Women's Only,Men's Only","4635 Factory Stores Blvd ,Myrtle Beach, SC 29579-1219",https://bananarepublic.gap.com/stores/sc/myrtlebeach/
292,South Carolina,Myrtle Beach,MYRTLE BEACH TANGER,"Factory Store,Women's Only,Men's Only","10847 Kings Rd Hwy 17 Ste 120,Myrtle Beach, SC 29572-6075",https://bananarepublic.gap.com/stores/sc/myrtlebeach/
293,South Carolina,North Charleston,CHARLESTON TANGER,Factory Store,"4840 Tanger Outlet Blvd Unit 701,North Charleston, SC 29418-6960",https://bananarepublic.gap.com/stores/sc/northcharleston/
294,Tennessee,Franklin,Cool Springs,Shoes,"1800 Galleria Blvd Ste 1310,Franklin, TN 37067",https://bananarepublic.gap.com/stores/tn/franklin/
295,Tennessee,Germantown,SADDLE CREEK,Shoes,"7615 W Farmington Avenue Suite 18,Germantown, TN 38138-2820",https://bananarepublic.gap.com/stores/tn/germantown/
296,Tennessee,Nashville,MALL AT GREEN HILLS,Baby,"2126 Abbott Martin Road Ste 229,Nashville, TN 37215",https://bananarepublic.gap.com/stores/tn/nashville/
297,Tennessee,Nashville,OPRY MILLS,Factory Store,"240 Opry Mills Dr Ste 648,Nashville, TN 37214-2434",https://bananarepublic.gap.com/stores/tn/nashville/
298,Tennessee,Sevierville,TANGER SEVIERVILLE,"Factory Store,Petites","1645 Parkway Ste 990,Sevierville, TN 37862-6844",https://bananarepublic.gap.com/stores/tn/sevierville/
299,Texas,Allen,ALLEN PREMIUM,"Factory Store,Petites","820 West Stacy Road Ste 116,Allen, TX 75013-4801",https://bananarepublic.gap.com/stores/tx/allen/
300,Texas,Austin,BARTON CREEK,,"2901 S Capital Of Texas Hwy Space B4,Austin, TX 78746",https://bananarepublic.gap.com/stores/tx/austin/
301,Texas,Bee Cave,HILL COUNTRY GALLERI,,"12821 Hill Country Blvd Suite C2-120,Bee Cave, TX 78738",https://bananarepublic.gap.com/stores/tx/beecave/
302,Texas,Canutillo,OUTLT SHOP @ EL PASO,"Factory Store,Petites,Women's Only,Men's Only","7051 S Desert Blvd Ste B201,Canutillo, TX 79835",https://bananarepublic.gap.com/stores/tx/canutillo/
303,Texas,Cypress,HOUSTON PREMIUM,"Factory Store,Petites,Women's Only,Men's Only","29300 Hempstead Road Ste 125,Cypress, TX 77433",https://bananarepublic.gap.com/stores/tx/cypress/
304,Texas,Dallas,NORTHPARK - TX,Baby,"8687 North Central Expressway ,Dallas, TX 75225-2210",https://bananarepublic.gap.com/stores/tx/dallas/
305,Texas,Dallas,Dallas Galleria,"BR Home,Baby,Shoes","13350 Dallas Parkway Suite 2010,Dallas, TX 75240",https://bananarepublic.gap.com/stores/tx/dallas/
306,Texas,Fort Worth,FORT WORTH TANGER,Factory Store,"15821 North Freeway Suite 300,Fort Worth, TX 76177",https://bananarepublic.gap.com/stores/tx/fortworth/
307,Texas,Friendswood,Baybrook,"Shoes,Women's Only,Men's Only","1069 Baybrook Mall Ste 1114,Friendswood, TX 77546",https://bananarepublic.gap.com/stores/tx/friendswood/
308,Texas,Frisco,Stonebriar,Shoes,"2601 Preston Road Ste 1190,Frisco, TX 75034",https://bananarepublic.gap.com/stores/tx/frisco/
309,Texas,Grand Prairie,GRAND PRAIRIE PRIME,"Factory Store,Petites","2950 West Interstate 20 ,Grand Prairie, TX 75052-8079",https://bananarepublic.gap.com/stores/tx/grandprairie/
310,Texas,Grapevine,GRAPEVINE MILLS,"Factory Store,Petites","3000 Grapevine Mills Parkway ,Grapevine, TX 76051",https://bananarepublic.gap.com/stores/tx/grapevine/
311,Texas,Highland Village,HIGHLAND VILLAGE MAR,Shoes,"4141 Waller Creek Ste 105,Highland Village, TX 75077",https://bananarepublic.gap.com/stores/tx/highlandvillage/
312,Texas,Houston,Highland Village,Shoes,"3922 Westheimer Rd ,Houston, TX 77027",https://bananarepublic.gap.com/stores/tx/houston/
313,Texas,Houston,Rice Village,"Women's Only,Men's Only","2400 University Blvd Ste 110,Houston, TX 77005",https://bananarepublic.gap.com/stores/tx/houston/
314,Texas,Houston,Houston Galleria,"BR Home,Baby","5135 W Alabama St Ste 5240,Houston, TX 77056",https://bananarepublic.gap.com/stores/tx/houston/
315,Texas,Houston,Memorial City Mall,Baby,"303 Memorial City Way Ste 750,Houston, TX 77024-2598",https://bananarepublic.gap.com/stores/tx/houston/
316,Texas,Katy,KATY MILLS,"Factory Store,Petites","5000 Katy Mills Circle Ste 258,Katy, TX 77494-4415",https://bananarepublic.gap.com/stores/tx/katy/
317,Texas,Laredo,OUTLT SHOP @ LAREDO,Factory Store,"1500 Water Street Suite B595,Laredo, TX 78040",https://bananarepublic.gap.com/stores/tx/laredo/
318,Texas,Mcallen,La Plaza,"Baby,Shoes","2200 South 10th Street Ste M10,Mcallen, TX 78503",https://bananarepublic.gap.com/stores/tx/mcallen/
319,Texas,Mercedes,RIO GRANDE VALLEY,"Factory Store,Petites,Women's Only,Men's Only","5001 E Expressway 93 Ste 507,Mercedes, TX 78570-4580",https://bananarepublic.gap.com/stores/tx/mercedes/
320,Texas,Round Rock,ROUND ROCK PREMIUM,"Factory Store,Petites","4401 North Interstate Highway 35 Ste 599,Round Rock, TX 78664",https://bananarepublic.gap.com/stores/tx/roundrock/
321,Texas,San Antonio,LA CANTERA,,"15900 La Cantera Parkway Space #2205,San Antonio, TX 78256",https://bananarepublic.gap.com/stores/tx/sanantonio/
322,Texas,San Antonio,Quarry Crossing,Shoes,"7322 Jones Maltsberger Road Ste 164,San Antonio, TX 78209",https://bananarepublic.gap.com/stores/tx/sanantonio/
323,Texas,San Marcos,SAN MARCOS PREMIUM,"Factory Store,Petites,Women's Only,Men's Only","3939 Ih-35 South Ste 900,San Marcos, TX 78666-5977",https://bananarepublic.gap.com/stores/tx/sanmarcos/
324,Texas,San Marcos,SAN MARCOS TANGER,"Factory Store,Petites,Women's Only,Men's Only","4015 S Interstate Hwy 35 Ste 335,San Marcos, TX 78666-5960",https://bananarepublic.gap.com/stores/tx/sanmarcos/
325,Texas,Southlake,SOUTHLAKE T/SQ,Shoes,"101 Grand Avenue ,Southlake, TX 76092",https://bananarepublic.gap.com/stores/tx/southlake/
326,Texas,Sugar Land,First Colony,,"16535 Southwest Fwy Ste 720,Sugar Land, TX 77479-2321",https://bananarepublic.gap.com/stores/tx/sugarland/
327,Texas,Texas City,Houston Tanger BRFS,Factory Store,"5885 Gulf Freeway Ste 801,Texas City, TX 77591",https://bananarepublic.gap.com/stores/tx/texascity/
328,Texas,Woodlands,Woodlands Mall - TX,"Shoes,Women's Only,Men's Only","1201 Lake Woodlands Dr. 3000,Woodlands, TX 77380",https://bananarepublic.gap.com/stores/tx/woodlands/
329,Utah,Lehi,TRAVERSE MOUNTAIN,"Factory Store,Petites,Women's Only,Men's Only","3700 North Cabelas Blvd Ste 155,Lehi, UT 84043-3874",https://bananarepublic.gap.com/stores/ut/lehi/
330,Utah,Murray,FASHION PLACE,,"6191 S State Street Ste 221,Murray, UT 84107",https://bananarepublic.gap.com/stores/ut/murray/
331,Utah,Park City,PARK CITY,"Factory Store,Petites,Women's Only,Men's Only","6699 Landmark Dr Space K-100,Park City, UT 84098",https://bananarepublic.gap.com/stores/ut/parkcity/
332,Utah,Salt Lake City,City Creek - BR,Shoes,"50 South Main Street Suite 263,Salt Lake City, UT 84101",https://bananarepublic.gap.com/stores/ut/saltlakecity/
333,Vermont,Burlington,Brook's Drugs Bldg,Shoes,"56 Church Street ,Burlington, VT 05401",https://bananarepublic.gap.com/stores/vt/burlington/
334,Virginia,Arlington,FASHION CTR/PENTAGON,,"1100 South Hayes Street Space F9 A,Arlington, VA 22202-4907",https://bananarepublic.gap.com/stores/va/arlington/
335,Virginia,Charlottesville,BARRACKS RD S/C,Shoes,"1044 Emmet St N ,Charlottesville, VA 22903-4833",https://bananarepublic.gap.com/stores/va/charlottesville/
336,Virginia,Leesburg,LEESBURG PREMIUM,"Factory Store,Petites","241 Fort Evans Road Ne Ste 441,Leesburg, VA 20176",https://bananarepublic.gap.com/stores/va/leesburg/
337,Virginia,Norfolk,NORFOLK PREMIUM,Factory Store,"1600 Premium Outlets Blvd Suite 850,Norfolk, VA 23502",https://bananarepublic.gap.com/stores/va/norfolk/
338,Virginia,Richmond,SHORT PUMP T/C,,"11800 West Broad St ,Richmond, VA 23233-1064",https://bananarepublic.gap.com/stores/va/richmond/
339,Virginia,Tysons,Tysons Corner Center,"Baby,Shoes","7937 Tysons Corner Center ,Tysons, VA 22102",https://bananarepublic.gap.com/stores/va/tysons/
340,Virginia,Williamsburg,WILLIAMSBURG PREMIUM,"Factory Store,Petites,Women's Only,Men's Only","5707-6 Richmond Road ,Williamsburg, VA 23188-1991",https://bananarepublic.gap.com/stores/va/williamsburg/
341,Virginia,Woodbridge,POTOMAC MILLS,"Factory Store,Petites","2700 Potomac Mills Cir Ste #790,Woodbridge, VA 22192-4625",https://bananarepublic.gap.com/stores/va/woodbridge/
342,Washington,Auburn,OUTLT COLLCT SEATTLE,"Factory Store,Petites","1101 Outlet Collection Way Ste 1134,Auburn, WA 98001-6530",https://bananarepublic.gap.com/stores/wa/auburn/
343,Washington,Bellevue,Bellevue Square - WA,,"208 Bellevue Sq ,Bellevue, WA 98004-5020",https://bananarepublic.gap.com/stores/wa/bellevue/
344,Washington,North Bend,NORTH BEND,"Factory Store,Women's Only,Men's Only","421 S Fork Avenue Sw ,North Bend, WA 98045-8975",https://bananarepublic.gap.com/stores/wa/northbend/
345,Washington,Seattle,University Village,BR Home,"4613 26th Ave Ne ,Seattle, WA 98105",https://bananarepublic.gap.com/stores/wa/seattle/
346,Washington,Spokane,RIVERPARK SQUARE,,"722 W Main Ave Ste 115,Spokane, WA 99201",https://bananarepublic.gap.com/stores/wa/spokane/
347,Washington,Tulalip,SEATTLE PREMIUM,"Factory Store,Petites","10600 Quilceda Boulevard Ste 234,Tulalip, WA 98271-8091",https://bananarepublic.gap.com/stores/wa/tulalip/
348,Wisconsin,Appleton,FOX RIVER,Shoes,"4301 W Wisconsin Avenue ,Appleton, WI 54913",https://bananarepublic.gap.com/stores/wi/appleton/
349,Wisconsin,Johnson Creek,JOHNSON CREEK,"Factory Store,Women's Only,Men's Only","622 Linmar Lane Ste D-60,Johnson Creek, WI 53038-9430",https://bananarepublic.gap.com/stores/wi/johnsoncreek/
350,Wisconsin,Madison,WEST TOWN - WI,Shoes,"32 West Town Mall Space B8,Madison, WI 53719",https://bananarepublic.gap.com/stores/wi/madison/
351,Wisconsin,Pleasant Prairie,PLEASANT PRAIRIE PRE,"Factory Store,Petites","11211 120th Avenue Spaces 42 & 43,Pleasant Prairie, WI 53158-1703",https://bananarepublic.gap.com/stores/wi/pleasantprairie/
352,Wisconsin,Wauwatosa,Mayfair - WI,,"2500 North Mayfair Road Space #020,Wauwatosa, WI 53226",https://bananarepublic.gap.com/stores/wi/wauwatosa/
353,Puerto Rico,Barceloneta,PUERTO RICO PREMIUM,"Factory Store,Petites","1 Prime Outlets Blvd Ste 360,Barceloneta, PR 00617-3375",https://bananarepublic.gap.com/stores/pr/barceloneta/
354,Puerto Rico,San Juan,Plaza Las Americas,,"525 Ave F D Roosevelt ,San Juan, PR 00918",https://bananarepublic.gap.com/stores/pr/sanjuan/
355,Puerto Rico,San Juan,MALL OF SAN JUAN,,"1000 Mall Of San Juan Blvd Ste 164,San Juan, PR 00924-4089",https://bananarepublic.gap.com/stores/pr/sanjuan/
